quitado,gemelo
_otras-versiones/anterior/graficos/png/enus02/00000.png,graficos/png/menus/00005.png
_otras-versiones/anterior/graficos/png/enus02/00001.png,graficos/png/menus/00006.png
_otras-versiones/anterior/graficos/png/enus02/00002.png,graficos/png/menus/00007.png
_otras-versiones/anterior/graficos/png/enus02/00003.png,graficos/png/menus/00008.png
_otras-versiones/anterior/graficos/png/enus02/00004.png,graficos/png/menus/00009.png
_otras-versiones/anterior/graficos/png/enus02/00005.png,graficos/png/menus/00010.png
_otras-versiones/anterior/graficos/png/enus02/00006.png,graficos/png/menus/00011.png
_otras-versiones/anterior/graficos/png/enus02/00007.png,graficos/png/menus/00012.png
_otras-versiones/anterior/graficos/png/enus02/00008.png,graficos/png/menus/00013.png
_otras-versiones/anterior/graficos/png/enus02/00009.png,graficos/png/menus/00014.png
_otras-versiones/anterior/graficos/png/enus02/00010.png,graficos/png/menus/00015.png
_otras-versiones/anterior/graficos/png/enus02/00011.png,graficos/png/menus/00016.png
_otras-versiones/anterior/graficos/png/enus02/00012.png,graficos/png/menus/00017.png
_otras-versiones/anterior/graficos/png/enus02/00013.png,graficos/png/menus/00018.png
_otras-versiones/anterior/graficos/png/enus02/00014.png,graficos/png/menus/00019.png
_otras-versiones/anterior/graficos/png/enus02/00015.png,graficos/png/menus/00020.png
_otras-versiones/anterior/graficos/png/enus02/00016.png,graficos/png/menus/00021.png
_otras-versiones/anterior/graficos/png/enus02/00017.png,graficos/png/menus/00022.png
_otras-versiones/anterior/graficos/png/enus02/00018.png,graficos/png/menus/00023.png
_otras-versiones/anterior/graficos/png/enus02/00019.png,graficos/png/menus/00024.png
_otras-versiones/anterior/graficos/png/enus02/00020.png,graficos/png/menus/00025.png
_otras-versiones/anterior/graficos/png/enus02/00021.png,graficos/png/menus/00026.png
_otras-versiones/anterior/graficos/png/enus02/00022.png,graficos/png/menus/00027.png
_otras-versiones/anterior/graficos/png/enus02/00023.png,graficos/png/menus/00028.png
_otras-versiones/anterior/graficos/png/enus02/00024.png,graficos/png/menus/00029.png
_otras-versiones/anterior/graficos/png/enus02/00025.png,graficos/png/menus/00030.png
_otras-versiones/anterior/graficos/png/enus02/00026.png,graficos/png/menus/00031.png
_otras-versiones/anterior/graficos/png/enus02/00027.png,graficos/png/menus/00032.png
_otras-versiones/anterior/graficos/png/enus02/00028.png,graficos/png/menus/00033.png
_otras-versiones/anterior/graficos/png/enus02/00029.png,graficos/png/menus/00034.png
_otras-versiones/anterior/graficos/png/enus02/00030.png,graficos/png/menus/00035.png
_otras-versiones/anterior/graficos/png/enus02/00031.png,graficos/png/menus/00036.png
_otras-versiones/anterior/graficos/png/enus02/00032.png,graficos/png/menus/00037.png
_otras-versiones/anterior/graficos/png/enus02/00033.png,graficos/png/menus/00038.png
_otras-versiones/anterior/graficos/png/enus02/00034.png,graficos/png/menus/00039.png
_otras-versiones/anterior/graficos/png/enus02/00035.png,graficos/png/menus/00040.png
_otras-versiones/anterior/graficos/png/enus02/00036.png,graficos/png/personae/00036.png
_otras-versiones/anterior/graficos/png/enus02/00037.png,graficos/png/menus/00042.png
_otras-versiones/anterior/graficos/png/enus02/00038.png,graficos/png/menus/00043.png
_otras-versiones/anterior/graficos/png/enus02/00039.png,graficos/png/menus/00044.png
_otras-versiones/anterior/graficos/png/enus02/00040.png,graficos/png/menus/00045.png
_otras-versiones/anterior/graficos/png/enus02/00041.png,graficos/png/menus/00046.png
_otras-versiones/anterior/graficos/png/enus02/00042.png,graficos/png/menus/00047.png
_otras-versiones/anterior/graficos/png/enus02/00043.png,graficos/png/menus/00048.png
_otras-versiones/anterior/graficos/png/enus02/00044.png,graficos/png/menus/00049.png
_otras-versiones/anterior/graficos/png/enus02/00045.png,graficos/png/menus/00050.png
_otras-versiones/anterior/graficos/png/enus02/00046.png,graficos/png/menus/00051.png
_otras-versiones/anterior/graficos/png/enus02/00047.png,graficos/png/menus/00052.png
_otras-versiones/anterior/graficos/png/enus02/00048.png,graficos/png/menus/00053.png
_otras-versiones/anterior/graficos/png/enus02/00049.png,graficos/png/menus/00054.png
_otras-versiones/anterior/graficos/png/enus02/00050.png,graficos/png/personae/00036.png
_otras-versiones/anterior/graficos/png/enus02/00051.png,graficos/png/personae/00036.png
_otras-versiones/anterior/graficos/png/enus02/00052.png,graficos/png/menus/00057.png
_otras-versiones/anterior/graficos/png/enus02/00053.png,graficos/png/menus/00058.png
_otras-versiones/anterior/graficos/png/enus02/00054.png,graficos/png/menus/00059.png
_otras-versiones/anterior/graficos/png/enus02/00055.png,graficos/png/menus/00060.png
_otras-versiones/anterior/graficos/png/enus02/00056.png,graficos/png/menus/00061.png
_otras-versiones/anterior/graficos/png/enus02/00057.png,graficos/png/menus/00062.png
_otras-versiones/anterior/graficos/png/enus02/00058.png,graficos/png/menus/00063.png
_otras-versiones/anterior/graficos/png/enus02/00059.png,graficos/png/menus/00064.png
_otras-versiones/anterior/graficos/png/enus02/00060.png,graficos/png/menus/00065.png
_otras-versiones/anterior/graficos/png/enus02/00061.png,graficos/png/menus/00066.png
_otras-versiones/anterior/graficos/png/enus02/00062.png,graficos/png/menus/00067.png
_otras-versiones/anterior/graficos/png/enus02/00063.png,graficos/png/menus/00068.png
_otras-versiones/anterior/graficos/png/enus02/00064.png,graficos/png/menus/00069.png
_otras-versiones/anterior/graficos/png/enus02/00065.png,graficos/png/menus/00070.png
_otras-versiones/anterior/graficos/png/enus02/00066.png,graficos/png/menus/00071.png
_otras-versiones/anterior/graficos/png/enus02/00067.png,graficos/png/menus/00072.png
_otras-versiones/anterior/graficos/png/enus02/00068.png,graficos/png/menus/00073.png
_otras-versiones/anterior/graficos/png/enus02/00069.png,graficos/png/menus/00074.png
_otras-versiones/anterior/graficos/png/enus02/00070.png,graficos/png/menus/00075.png
_otras-versiones/anterior/graficos/png/enus02/00071.png,graficos/png/menus/00076.png
_otras-versiones/anterior/graficos/png/enus02/00072.png,graficos/png/menus/00077.png
_otras-versiones/anterior/graficos/png/enus02/00073.png,graficos/png/menus/00078.png
_otras-versiones/anterior/graficos/png/enus02/00074.png,graficos/png/menus/00079.png
_otras-versiones/anterior/graficos/png/enus02/00075.png,graficos/png/menus/00080.png
_otras-versiones/anterior/graficos/png/enus02/00076.png,graficos/png/menus/00081.png
_otras-versiones/anterior/graficos/png/enus02/00077.png,graficos/png/menus/00082.png
_otras-versiones/anterior/graficos/png/enus02/00078.png,graficos/png/menus/00083.png
_otras-versiones/anterior/graficos/png/enus02/00079.png,graficos/png/menus/00084.png
_otras-versiones/anterior/graficos/png/enus02/00080.png,graficos/png/menus/00085.png
_otras-versiones/anterior/graficos/png/enus02/00081.png,graficos/png/menus/00086.png
_otras-versiones/anterior/graficos/png/enus02/00082.png,graficos/png/menus/00087.png
_otras-versiones/anterior/graficos/png/enus02/00083.png,graficos/png/menus/00088.png
_otras-versiones/anterior/graficos/png/enus02/00084.png,graficos/png/menus/00089.png
_otras-versiones/anterior/graficos/png/enus02/00085.png,graficos/png/menus/00090.png
_otras-versiones/anterior/graficos/png/enus02/00086.png,graficos/png/menus/00091.png
_otras-versiones/anterior/graficos/png/enus02/00087.png,graficos/png/menus/00092.png
_otras-versiones/anterior/graficos/png/enus02/00088.png,graficos/png/menus/00093.png
_otras-versiones/anterior/graficos/png/enus02/00089.png,graficos/png/menus/00094.png
_otras-versiones/anterior/graficos/png/enus02/00090.png,graficos/png/menus/00095.png
_otras-versiones/anterior/graficos/png/enus02/00091.png,graficos/png/menus/00096.png
_otras-versiones/anterior/graficos/png/enus02/00092.png,graficos/png/menus/00097.png
_otras-versiones/anterior/graficos/png/enus02/00093.png,graficos/png/menus/00098.png
_otras-versiones/anterior/graficos/png/menus/00000.png,graficos/png/personae/00036.png
_otras-versiones/anterior/graficos/png/menus/00001.png,graficos/png/menus/00001.png
_otras-versiones/anterior/graficos/png/menus/00002.png,graficos/png/menus/00002.png
_otras-versiones/anterior/graficos/png/menus/00003.png,graficos/png/menus/00003.png
_otras-versiones/anterior/graficos/png/menus/00004.png,graficos/png/menus/00004.png
_otras-versiones/anterior/graficos/png/menus/00021.png,graficos/png/menus/00021.png
_otras-versiones/anterior/graficos/png/menus/00025.png,graficos/png/menus/00025.png
_otras-versiones/anterior/graficos/png/menus/00026.png,graficos/png/menus/00026.png
_otras-versiones/anterior/graficos/png/menus/00053.png,graficos/png/menus/00053.png
_otras-versiones/anterior/graficos/png/menus/00054.png,graficos/png/menus/00054.png
_otras-versiones/anterior/graficos/png/menus/00067.png,graficos/png/menus/00067.png
_otras-versiones/anterior/graficos/png/menus/00081.png,graficos/png/menus/00081.png
_otras-versiones/anterior/graficos/png/menus/00082.png,graficos/png/menus/00082.png
_otras-versiones/anterior/graficos/png/menus/00083.png,graficos/png/menus/00083.png
_otras-versiones/anterior/graficos/png/menus/00099.png,graficos/png/menus/00099.png
_otras-versiones/anterior/graficos/png/menus/00100.png,graficos/png/menus/00100.png
_otras-versiones/anterior/graficos/png/menus/00101.png,graficos/png/menus/00101.png
_otras-versiones/anterior/graficos/png/menus/00102.png,graficos/png/menus/00102.png
_otras-versiones/anterior/graficos/png/menus/00103.png,graficos/png/menus/00103.png
_otras-versiones/anterior/graficos/png/menus/00104.png,graficos/png/menus/00104.png
_otras-versiones/anterior/graficos/png/menus/00105.png,graficos/png/menus/00105.png
_otras-versiones/anterior/graficos/png/menus/00106.png,graficos/png/menus/00106.png
_otras-versiones/anterior/graficos/png/menus/00107.png,graficos/png/menus/00107.png
_otras-versiones/anterior/graficos/png/menus/00108.png,graficos/png/menus/00108.png
_otras-versiones/anterior/graficos/png/menus/00109.png,graficos/png/menus/00109.png
_otras-versiones/anterior/graficos/png/menus/00110.png,graficos/png/menus/00110.png
_otras-versiones/anterior/graficos/png/menus/00111.png,graficos/png/menus/00111.png
_otras-versiones/anterior/graficos/png/menus/00112.png,graficos/png/menus/00112.png
_otras-versiones/anterior/graficos/png/menus/00113.png,graficos/png/menus/00113.png
_otras-versiones/anterior/graficos/png/menus/00114.png,graficos/png/menus/00114.png
_otras-versiones/anterior/graficos/png/menus/00115.png,graficos/png/menus/00115.png
_otras-versiones/anterior/graficos/png/menus/00116.png,graficos/png/menus/00116.png
_otras-versiones/anterior/graficos/png/menus/00117.png,graficos/png/menus/00117.png
_otras-versiones/anterior/graficos/png/menus/00118.png,graficos/png/menus/00118.png
_otras-versiones/anterior/graficos/png/menus/00119.png,graficos/png/menus/00119.png
_otras-versiones/anterior/graficos/png/menus/00120.png,graficos/png/menus/00120.png
_otras-versiones/anterior/graficos/png/menus/00121.png,graficos/png/menus/00121.png
_otras-versiones/anterior/graficos/png/menus/00122.png,graficos/png/menus/00122.png
_otras-versiones/anterior/graficos/png/menus/00123.png,graficos/png/menus/00123.png
_otras-versiones/anterior/graficos/png/menus/00124.png,graficos/png/menus/00124.png
_otras-versiones/anterior/graficos/png/menus/00125.png,graficos/png/menus/00125.png
_otras-versiones/anterior/graficos/png/menus/00126.png,graficos/png/menus/00126.png
_otras-versiones/anterior/graficos/png/menus/00127.png,graficos/png/menus/00127.png
_otras-versiones/anterior/graficos/png/menus/00128.png,graficos/png/menus/00128.png
_otras-versiones/anterior/graficos/png/menus/00129.png,graficos/png/menus/00129.png
_otras-versiones/anterior/graficos/png/menus/00130.png,graficos/png/menus/00130.png
_otras-versiones/anterior/graficos/png/menus/00131.png,graficos/png/menus/00131.png
_otras-versiones/anterior/graficos/png/menus/00132.png,graficos/png/menus/00132.png
_otras-versiones/anterior/graficos/png/menus/00133.png,graficos/png/menus/00133.png
_otras-versiones/anterior/graficos/png/menus/00134.png,graficos/png/menus/00134.png
_otras-versiones/anterior/graficos/png/menus/00135.png,graficos/png/menus/00135.png
_otras-versiones/anterior/graficos/png/menus/00136.png,graficos/png/menus/00136.png
_otras-versiones/anterior/graficos/png/menus/00137.png,graficos/png/menus/00137.png
_otras-versiones/anterior/graficos/png/menus/00138.png,graficos/png/menus/00138.png
_otras-versiones/anterior/graficos/png/menus/00139.png,graficos/png/menus/00139.png
_otras-versiones/anterior/graficos/png/menus/00140.png,graficos/png/menus/00140.png
_otras-versiones/anterior/graficos/png/menus/00141.png,graficos/png/menus/00141.png
_otras-versiones/anterior/graficos/png/menus/00142.png,graficos/png/menus/00142.png
_otras-versiones/anterior/graficos/png/menus/00143.png,graficos/png/menus/00143.png
_otras-versiones/anterior/graficos/png/menus/00144.png,graficos/png/menus/00144.png
_otras-versiones/anterior/graficos/png/menus/00145.png,graficos/png/menus/00145.png
_otras-versiones/anterior/graficos/png/menus/00146.png,graficos/png/menus/00146.png
_otras-versiones/anterior/graficos/png/menus/00147.png,graficos/png/menus/00147.png
_otras-versiones/anterior/graficos/png/menus/00148.png,graficos/png/menus/00148.png
_otras-versiones/anterior/graficos/png/menus/00149.png,graficos/png/menus/00149.png
_otras-versiones/anterior/graficos/png/menus/00150.png,graficos/png/menus/00150.png
_otras-versiones/anterior/graficos/png/menus/00151.png,graficos/png/menus/00151.png
_otras-versiones/anterior/graficos/png/menus/00152.png,graficos/png/menus/00152.png
_otras-versiones/anterior/graficos/png/menus/00153.png,graficos/png/menus/00153.png
_otras-versiones/anterior/graficos/png/menus/00154.png,graficos/png/menus/00154.png
_otras-versiones/anterior/graficos/png/menus/00155.png,graficos/png/menus/00155.png
_otras-versiones/anterior/graficos/png/menus/00156.png,graficos/png/menus/00156.png
_otras-versiones/anterior/graficos/png/menus/00157.png,graficos/png/menus/00157.png
_otras-versiones/anterior/graficos/png/menus/00158.png,graficos/png/menus/00158.png
_otras-versiones/anterior/graficos/png/menus/00159.png,graficos/png/menus/00159.png
_otras-versiones/anterior/graficos/png/menus/00160.png,graficos/png/menus/00160.png
_otras-versiones/anterior/graficos/png/menus/00161.png,graficos/png/menus/00161.png
_otras-versiones/anterior/graficos/png/menus/00162.png,graficos/png/menus/00162.png
_otras-versiones/anterior/graficos/png/menus/00163.png,graficos/png/menus/00163.png
_otras-versiones/anterior/graficos/png/menus/00164.png,graficos/png/menus/00164.png
_otras-versiones/anterior/graficos/png/menus/00165.png,graficos/png/menus/00165.png
_otras-versiones/anterior/graficos/png/menus/00166.png,graficos/png/menus/00166.png
_otras-versiones/anterior/graficos/png/menus/00167.png,graficos/png/menus/00167.png
_otras-versiones/anterior/graficos/png/menus/00168.png,graficos/png/menus/00168.png
_otras-versiones/anterior/graficos/png/menus/00169.png,graficos/png/menus/00169.png
_otras-versiones/anterior/graficos/png/menus/00170.png,graficos/png/menus/00170.png
_otras-versiones/anterior/graficos/png/menus/00171.png,graficos/png/menus/00171.png
_otras-versiones/anterior/graficos/png/menus/00172.png,graficos/png/menus/00172.png
_otras-versiones/anterior/graficos/png/menus/00173.png,graficos/png/menus/00173.png
_otras-versiones/anterior/graficos/png/menus/00174.png,graficos/png/menus/00174.png
_otras-versiones/anterior/graficos/png/menus/00175.png,graficos/png/menus/00175.png
_otras-versiones/anterior/graficos/png/menus/00176.png,graficos/png/menus/00176.png
_otras-versiones/anterior/graficos/png/menus/00177.png,graficos/png/menus/00177.png
_otras-versiones/anterior/graficos/png/menus/00178.png,graficos/png/menus/00178.png
_otras-versiones/anterior/graficos/png/menus/00179.png,graficos/png/menus/00179.png
_otras-versiones/anterior/graficos/png/menus/00180.png,graficos/png/menus/00180.png
_otras-versiones/anterior/graficos/png/menus/00181.png,graficos/png/menus/00181.png
_otras-versiones/anterior/graficos/png/menus/00182.png,graficos/png/menus/00182.png
_otras-versiones/anterior/graficos/png/menus/00183.png,graficos/png/menus/00183.png
_otras-versiones/anterior/graficos/png/menus/00184.png,graficos/png/menus/00184.png
_otras-versiones/anterior/graficos/png/menus/00185.png,graficos/png/menus/00185.png
_otras-versiones/anterior/graficos/png/menus/00186.png,graficos/png/menus/00186.png
_otras-versiones/anterior/graficos/png/menus/00187.png,graficos/png/menus/00187.png
_otras-versiones/anterior/graficos/png/menus/00188.png,graficos/png/menus/00188.png
_otras-versiones/anterior/graficos/png/menus/00189.png,graficos/png/menus/00189.png
_otras-versiones/anterior/graficos/png/menus/00190.png,graficos/png/menus/00190.png
_otras-versiones/anterior/graficos/png/menus/00191.png,graficos/png/menus/00191.png
_otras-versiones/anterior/graficos/png/menus/00192.png,graficos/png/menus/00192.png
_otras-versiones/anterior/graficos/png/menus/00193.png,graficos/png/menus/00193.png
_otras-versiones/anterior/graficos/png/menus/00194.png,graficos/png/menus/00194.png
_otras-versiones/anterior/graficos/png/menus/00195.png,graficos/png/menus/00195.png
_otras-versiones/anterior/graficos/png/menus/00196.png,graficos/png/menus/00196.png
_otras-versiones/anterior/graficos/png/menus/00197.png,graficos/png/menus/00197.png
_otras-versiones/anterior/graficos/png/menus/00198.png,graficos/png/menus/00198.png
_otras-versiones/anterior/graficos/png/menus/00199.png,graficos/png/menus/00199.png
_otras-versiones/anterior/graficos/png/menus/00200.png,graficos/png/menus/00200.png
_otras-versiones/anterior/graficos/png/menus/00201.png,graficos/png/menus/00201.png
_otras-versiones/anterior/graficos/png/menus/00202.png,graficos/png/menus/00202.png
_otras-versiones/anterior/graficos/png/menus/00203.png,graficos/png/menus/00203.png
_otras-versiones/anterior/graficos/png/menus/00204.png,graficos/png/menus/00204.png
_otras-versiones/anterior/graficos/png/menus/00205.png,graficos/png/menus/00205.png
_otras-versiones/anterior/graficos/png/menus/00206.png,graficos/png/menus/00206.png
_otras-versiones/anterior/graficos/png/menus/00207.png,graficos/png/menus/00207.png
_otras-versiones/anterior/graficos/png/menus/00208.png,graficos/png/menus/00208.png
_otras-versiones/anterior/graficos/png/menus/00209.png,graficos/png/menus/00209.png
_otras-versiones/anterior/graficos/png/menus/00210.png,graficos/png/menus/00210.png
_otras-versiones/anterior/graficos/png/menus/00211.png,graficos/png/menus/00211.png
_otras-versiones/anterior/graficos/png/menus/00212.png,graficos/png/menus/00212.png
_otras-versiones/anterior/graficos/png/menus/00213.png,graficos/png/menus/00213.png
_otras-versiones/anterior/graficos/png/menus/00214.png,graficos/png/menus/00214.png
_otras-versiones/anterior/graficos/png/menus/00215.png,graficos/png/menus/00215.png
_otras-versiones/anterior/graficos/png/menus/00216.png,graficos/png/menus/00216.png
_otras-versiones/anterior/graficos/png/menus/00217.png,graficos/png/menus/00217.png
_otras-versiones/anterior/graficos/png/menus/00218.png,graficos/png/menus/00218.png
_otras-versiones/anterior/graficos/png/menus/00219.png,graficos/png/menus/00219.png
_otras-versiones/anterior/graficos/png/menus/00220.png,graficos/png/menus/00220.png
_otras-versiones/anterior/graficos/png/menus/00221.png,graficos/png/menus/00221.png
_otras-versiones/anterior/graficos/png/menus/00222.png,graficos/png/menus/00222.png
_otras-versiones/anterior/graficos/png/menus/00223.png,graficos/png/menus/00223.png
_otras-versiones/anterior/graficos/png/menus/00224.png,graficos/png/menus/00224.png
_otras-versiones/anterior/graficos/png/menus/00225.png,graficos/png/personae/00036.png
_otras-versiones/anterior/graficos/png/menus/00226.png,graficos/png/menus/00226.png
_otras-versiones/anterior/graficos/png/menus/00227.png,graficos/png/menus/00227.png
_otras-versiones/anterior/graficos/png/menus/00228.png,graficos/png/menus/00228.png
_otras-versiones/anterior/graficos/png/menus/00229.png,graficos/png/menus/00229.png
_otras-versiones/anterior/graficos/png/menus/00230.png,graficos/png/menus/00230.png
_otras-versiones/anterior/graficos/png/menus/00231.png,graficos/png/menus/00231.png
_otras-versiones/anterior/graficos/png/menus/00232.png,graficos/png/menus/00232.png
_otras-versiones/anterior/graficos/png/menus/00233.png,graficos/png/menus/00233.png
_otras-versiones/anterior/graficos/png/menus/00234.png,graficos/png/menus/00234.png
_otras-versiones/anterior/graficos/png/menus/00235.png,graficos/png/menus/00235.png
_otras-versiones/anterior/graficos/png/menus/00236.png,graficos/png/menus/00236.png
_otras-versiones/anterior/graficos/png/menus/00237.png,graficos/png/menus/00237.png
_otras-versiones/anterior/graficos/png/menus/00238.png,graficos/png/menus/00238.png
_otras-versiones/anterior/graficos/png/menus/00239.png,graficos/png/menus/00239.png
_otras-versiones/anterior/graficos/png/menus/00240.png,graficos/png/menus/00240.png
_otras-versiones/anterior/graficos/png/menus/00241.png,graficos/png/menus/00241.png
_otras-versiones/anterior/graficos/png/menus/00242.png,graficos/png/menus/00242.png
_otras-versiones/anterior/graficos/png/menus/00243.png,graficos/png/menus/00243.png
_otras-versiones/anterior/graficos/png/menus/00244.png,graficos/png/menus/00244.png
_otras-versiones/anterior/graficos/png/menus/00245.png,graficos/png/menus/00245.png
_otras-versiones/anterior/graficos/png/menus/00246.png,graficos/png/menus/00246.png
_otras-versiones/anterior/graficos/png/menus/00247.png,graficos/png/menus/00247.png
_otras-versiones/anterior/graficos/png/menus/00248.png,graficos/png/menus/00248.png
_otras-versiones/anterior/graficos/png/menus/00249.png,graficos/png/menus/00249.png
_otras-versiones/anterior/graficos/png/menus/00250.png,graficos/png/menus/00250.png
_otras-versiones/anterior/graficos/png/menus/00251.png,graficos/png/menus/00251.png
_otras-versiones/anterior/graficos/png/menus/00252.png,graficos/png/menus/00252.png
_otras-versiones/anterior/graficos/png/menus/00253.png,graficos/png/menus/00253.png
_otras-versiones/anterior/graficos/png/menus/00254.png,graficos/png/menus/00254.png
_otras-versiones/anterior/graficos/png/menus/00255.png,graficos/png/menus/00255.png
_otras-versiones/anterior/graficos/png/menus/00256.png,graficos/png/menus/00256.png
_otras-versiones/anterior/graficos/png/menus/00257.png,graficos/png/menus/00257.png
_otras-versiones/anterior/graficos/png/menus/00258.png,graficos/png/menus/00258.png
_otras-versiones/anterior/graficos/png/menus/00259.png,graficos/png/menus/00259.png
_otras-versiones/anterior/graficos/png/menus/00260.png,graficos/png/menus/00260.png
_otras-versiones/anterior/graficos/png/menus/00261.png,graficos/png/menus/00261.png
_otras-versiones/anterior/graficos/png/menus/00262.png,graficos/png/menus/00262.png
_otras-versiones/anterior/graficos/png/menus/00263.png,graficos/png/menus/00263.png
_otras-versiones/anterior/graficos/png/menus/00264.png,graficos/png/menus/00264.png
_otras-versiones/anterior/graficos/png/menus/00265.png,graficos/png/menus/00265.png
_otras-versiones/anterior/graficos/png/menus/00266.png,graficos/png/menus/00266.png
_otras-versiones/anterior/graficos/png/menus/00267.png,graficos/png/menus/00267.png
_otras-versiones/anterior/graficos/png/menus/00268.png,graficos/png/menus/00268.png
_otras-versiones/anterior/graficos/png/menus/00269.png,graficos/png/menus/00269.png
_otras-versiones/anterior/graficos/png/menus/00270.png,graficos/png/menus/00270.png
_otras-versiones/anterior/graficos/png/menus/00271.png,graficos/png/menus/00271.png
_otras-versiones/anterior/graficos/png/menus/00272.png,graficos/png/menus/00272.png
_otras-versiones/anterior/graficos/png/menus/00273.png,graficos/png/menus/00273.png
_otras-versiones/anterior/graficos/png/menus/00274.png,graficos/png/menus/00274.png
_otras-versiones/anterior/graficos/png/menus/00275.png,graficos/png/menus/00275.png
_otras-versiones/anterior/graficos/png/menus/00276.png,graficos/png/menus/00276.png
_otras-versiones/anterior/graficos/png/menus/00277.png,graficos/png/menus/00277.png
_otras-versiones/anterior/graficos/png/menus/00278.png,graficos/png/menus/00278.png
_otras-versiones/anterior/graficos/png/menus/00279.png,graficos/png/menus/00279.png
_otras-versiones/anterior/graficos/png/menus/00280.png,graficos/png/menus/00280.png
_otras-versiones/anterior/graficos/png/menus/00281.png,graficos/png/menus/00281.png
_otras-versiones/anterior/graficos/png/menus01/00002.png,graficos/png/menus01/00002.png
_otras-versiones/anterior/graficos/png/menus01/00003.png,graficos/png/menus01/00003.png
_otras-versiones/anterior/texto/eng/faq.eng,texto/ger/faq.ger
_otras-versiones/v2h/graficos/png/0_irland/00021.png,_otras-versiones/v2h/graficos/png/0_irland/00020.png
_otras-versiones/v2h/graficos/png/0_irland/00023.png,_otras-versiones/v2h/graficos/png/0_irland/00022.png
_otras-versiones/v2h/graficos/png/0_irland/00024.png,_otras-versiones/v2h/graficos/png/0_irland/00022.png
_otras-versiones/v2h/graficos/png/0_irland/00026.png,_otras-versiones/v2h/graficos/png/0_irland/00025.png
_otras-versiones/v2h/graficos/png/0_irland/00048.png,_otras-versiones/v2h/graficos/png/0_irland/00039.png
_otras-versiones/v2h/graficos/png/0_irland/00051.png,_otras-versiones/v2h/graficos/png/0_irland/00050.png
_otras-versiones/v2h/graficos/png/0_irland/00053.png,_otras-versiones/v2h/graficos/png/0_irland/00052.png
_otras-versiones/v2h/graficos/png/0_irland/00054.png,_otras-versiones/v2h/graficos/png/0_irland/00052.png
_otras-versiones/v2h/graficos/png/0_irland/00056.png,_otras-versiones/v2h/graficos/png/0_irland/00055.png
_otras-versiones/v2h/graficos/png/0_irland/00081.png,_otras-versiones/v2h/graficos/png/0_irland/00080.png
_otras-versiones/v2h/graficos/png/0_irland/00083.png,_otras-versiones/v2h/graficos/png/0_irland/00082.png
_otras-versiones/v2h/graficos/png/0_irland/00084.png,_otras-versiones/v2h/graficos/png/0_irland/00082.png
_otras-versiones/v2h/graficos/png/0_irland/00086.png,_otras-versiones/v2h/graficos/png/0_irland/00085.png
_otras-versiones/v2h/graficos/png/0_irland/00097.png,graficos/png/personae/00036.png
_otras-versiones/v2h/graficos/png/0_irland/00115.png,graficos/png/personae/00036.png
_otras-versiones/v2h/graficos/png/0_irland/00119.png,graficos/png/personae/00036.png
_otras-versiones/v2h/graficos/png/1_winter/00005.png,_otras-versiones/v2h/graficos/png/1_winter/00004.png
_otras-versiones/v2h/graficos/png/1_winter/00006.png,_otras-versiones/v2h/graficos/png/1_winter/00004.png
_otras-versiones/v2h/graficos/png/1_winter/00013.png,_otras-versiones/v2h/graficos/png/1_winter/00012.png
_otras-versiones/v2h/graficos/png/1_winter/00016.png,_otras-versiones/v2h/graficos/png/1_winter/00015.png
_otras-versiones/v2h/graficos/png/1_winter/00021.png,_otras-versiones/v2h/graficos/png/1_winter/00020.png
_otras-versiones/v2h/graficos/png/1_winter/00023.png,_otras-versiones/v2h/graficos/png/1_winter/00022.png
_otras-versiones/v2h/graficos/png/1_winter/00024.png,_otras-versiones/v2h/graficos/png/1_winter/00022.png
_otras-versiones/v2h/graficos/png/1_winter/00026.png,_otras-versiones/v2h/graficos/png/1_winter/00025.png
_otras-versiones/v2h/graficos/png/1_winter/00034.png,_otras-versiones/v2h/graficos/png/1_winter/00033.png
_otras-versiones/v2h/graficos/png/1_winter/00037.png,_otras-versiones/v2h/graficos/png/1_winter/00036.png
_otras-versiones/v2h/graficos/png/1_winter/00043.png,_otras-versiones/v2h/graficos/png/1_winter/00042.png
_otras-versiones/v2h/graficos/png/1_winter/00046.png,_otras-versiones/v2h/graficos/png/1_winter/00045.png
_otras-versiones/v2h/graficos/png/1_winter/00051.png,_otras-versiones/v2h/graficos/png/1_winter/00050.png
_otras-versiones/v2h/graficos/png/1_winter/00053.png,_otras-versiones/v2h/graficos/png/1_winter/00052.png
_otras-versiones/v2h/graficos/png/1_winter/00054.png,_otras-versiones/v2h/graficos/png/1_winter/00052.png
_otras-versiones/v2h/graficos/png/1_winter/00056.png,_otras-versiones/v2h/graficos/png/1_winter/00055.png
_otras-versiones/v2h/graficos/png/1_winter/00064.png,_otras-versiones/v2h/graficos/png/1_winter/00063.png
_otras-versiones/v2h/graficos/png/1_winter/00067.png,_otras-versiones/v2h/graficos/png/1_winter/00066.png
_otras-versiones/v2h/graficos/png/1_winter/00072.png,_otras-versiones/v2h/graficos/png/1_winter/00071.png
_otras-versiones/v2h/graficos/png/1_winter/00074.png,_otras-versiones/v2h/graficos/png/1_winter/00073.png
_otras-versiones/v2h/graficos/png/1_winter/00075.png,_otras-versiones/v2h/graficos/png/1_winter/00073.png
_otras-versiones/v2h/graficos/png/1_winter/00077.png,_otras-versiones/v2h/graficos/png/1_winter/00076.png
_otras-versiones/v2h/graficos/png/1_winter/00081.png,_otras-versiones/v2h/graficos/png/1_winter/00080.png
_otras-versiones/v2h/graficos/png/1_winter/00083.png,_otras-versiones/v2h/graficos/png/1_winter/00082.png
_otras-versiones/v2h/graficos/png/1_winter/00084.png,_otras-versiones/v2h/graficos/png/1_winter/00082.png
_otras-versiones/v2h/graficos/png/1_winter/00086.png,_otras-versiones/v2h/graficos/png/1_winter/00085.png
_otras-versiones/v2h/graficos/png/1_winter/00097.png,graficos/png/personae/00036.png
_otras-versiones/v2h/graficos/png/1_winter/00115.png,graficos/png/personae/00036.png
_otras-versiones/v2h/graficos/png/1_winter/00119.png,graficos/png/personae/00036.png
_otras-versiones/v2h/graficos/png/1_winter/00141.png,_otras-versiones/v2h/graficos/png/0_irland/00141.png
_otras-versiones/v2h/graficos/png/1_winter/00143.png,_otras-versiones/v2h/graficos/png/0_irland/00143.png
_otras-versiones/v2h/graficos/png/1_winter/00145.png,_otras-versiones/v2h/graficos/png/0_irland/00145.png
_otras-versiones/v2h/graficos/png/1_winter/00147.png,_otras-versiones/v2h/graficos/png/0_irland/00147.png
_otras-versiones/v2h/graficos/png/2_sahara/00013.png,_otras-versiones/v2h/graficos/png/2_sahara/00012.png
_otras-versiones/v2h/graficos/png/2_sahara/00016.png,_otras-versiones/v2h/graficos/png/2_sahara/00015.png
_otras-versiones/v2h/graficos/png/2_sahara/00021.png,_otras-versiones/v2h/graficos/png/2_sahara/00020.png
_otras-versiones/v2h/graficos/png/2_sahara/00023.png,_otras-versiones/v2h/graficos/png/2_sahara/00022.png
_otras-versiones/v2h/graficos/png/2_sahara/00024.png,_otras-versiones/v2h/graficos/png/2_sahara/00022.png
_otras-versiones/v2h/graficos/png/2_sahara/00026.png,_otras-versiones/v2h/graficos/png/2_sahara/00025.png
_otras-versiones/v2h/graficos/png/2_sahara/00028.png,graficos/png/2_sahara/00088.png
_otras-versiones/v2h/graficos/png/2_sahara/00029.png,graficos/png/2_sahara/00089.png
_otras-versiones/v2h/graficos/png/2_sahara/00043.png,_otras-versiones/v2h/graficos/png/2_sahara/00042.png
_otras-versiones/v2h/graficos/png/2_sahara/00046.png,_otras-versiones/v2h/graficos/png/2_sahara/00045.png
_otras-versiones/v2h/graficos/png/2_sahara/00051.png,_otras-versiones/v2h/graficos/png/2_sahara/00050.png
_otras-versiones/v2h/graficos/png/2_sahara/00053.png,_otras-versiones/v2h/graficos/png/2_sahara/00052.png
_otras-versiones/v2h/graficos/png/2_sahara/00054.png,_otras-versiones/v2h/graficos/png/2_sahara/00052.png
_otras-versiones/v2h/graficos/png/2_sahara/00056.png,_otras-versiones/v2h/graficos/png/2_sahara/00055.png
_otras-versiones/v2h/graficos/png/2_sahara/00073.png,_otras-versiones/v2h/graficos/png/2_sahara/00072.png
_otras-versiones/v2h/graficos/png/2_sahara/00076.png,_otras-versiones/v2h/graficos/png/2_sahara/00075.png
_otras-versiones/v2h/graficos/png/2_sahara/00081.png,_otras-versiones/v2h/graficos/png/2_sahara/00080.png
_otras-versiones/v2h/graficos/png/2_sahara/00083.png,_otras-versiones/v2h/graficos/png/2_sahara/00082.png
_otras-versiones/v2h/graficos/png/2_sahara/00084.png,_otras-versiones/v2h/graficos/png/2_sahara/00082.png
_otras-versiones/v2h/graficos/png/2_sahara/00086.png,_otras-versiones/v2h/graficos/png/2_sahara/00085.png
_otras-versiones/v2h/graficos/png/2_sahara/00091.png,_otras-versiones/v2h/graficos/png/0_irland/00091.png
_otras-versiones/v2h/graficos/png/2_sahara/00093.png,_otras-versiones/v2h/graficos/png/0_irland/00093.png
_otras-versiones/v2h/graficos/png/2_sahara/00095.png,_otras-versiones/v2h/graficos/png/0_irland/00095.png
_otras-versiones/v2h/graficos/png/2_sahara/00097.png,graficos/png/personae/00036.png
_otras-versiones/v2h/graficos/png/2_sahara/00099.png,_otras-versiones/v2h/graficos/png/0_irland/00099.png
_otras-versiones/v2h/graficos/png/2_sahara/00103.png,_otras-versiones/v2h/graficos/png/0_irland/00103.png
_otras-versiones/v2h/graficos/png/2_sahara/00105.png,_otras-versiones/v2h/graficos/png/0_irland/00105.png
_otras-versiones/v2h/graficos/png/2_sahara/00107.png,_otras-versiones/v2h/graficos/png/0_irland/00107.png
_otras-versiones/v2h/graficos/png/2_sahara/00109.png,_otras-versiones/v2h/graficos/png/0_irland/00109.png
_otras-versiones/v2h/graficos/png/2_sahara/00111.png,_otras-versiones/v2h/graficos/png/0_irland/00111.png
_otras-versiones/v2h/graficos/png/2_sahara/00113.png,_otras-versiones/v2h/graficos/png/0_irland/00113.png
_otras-versiones/v2h/graficos/png/2_sahara/00115.png,graficos/png/personae/00036.png
_otras-versiones/v2h/graficos/png/2_sahara/00117.png,_otras-versiones/v2h/graficos/png/0_irland/00117.png
_otras-versiones/v2h/graficos/png/2_sahara/00118.png,graficos/png/2_sahara/00118.png
_otras-versiones/v2h/graficos/png/2_sahara/00119.png,graficos/png/personae/00036.png
_otras-versiones/v2h/graficos/png/2_sahara/00120.png,graficos/png/2_sahara/00120.png
_otras-versiones/v2h/graficos/png/2_sahara/00121.png,_otras-versiones/v2h/graficos/png/0_irland/00121.png
_otras-versiones/v2h/graficos/png/2_sahara/00123.png,_otras-versiones/v2h/graficos/png/0_irland/00123.png
_otras-versiones/v2h/graficos/png/2_sahara/00125.png,_otras-versiones/v2h/graficos/png/0_irland/00125.png
_otras-versiones/v2h/graficos/png/2_sahara/00127.png,_otras-versiones/v2h/graficos/png/0_irland/00127.png
_otras-versiones/v2h/graficos/png/2_sahara/00129.png,_otras-versiones/v2h/graficos/png/0_irland/00129.png
_otras-versiones/v2h/graficos/png/2_sahara/00131.png,_otras-versiones/v2h/graficos/png/0_irland/00131.png
_otras-versiones/v2h/graficos/png/2_sahara/00132.png,_otras-versiones/v2h/graficos/png/0_irland/00132.png
_otras-versiones/v2h/graficos/png/2_sahara/00133.png,_otras-versiones/v2h/graficos/png/0_irland/00133.png
_otras-versiones/v2h/graficos/png/2_sahara/00135.png,_otras-versiones/v2h/graficos/png/0_irland/00135.png
_otras-versiones/v2h/graficos/png/2_sahara/00141.png,_otras-versiones/v2h/graficos/png/0_irland/00141.png
_otras-versiones/v2h/graficos/png/2_sahara/00143.png,_otras-versiones/v2h/graficos/png/0_irland/00143.png
_otras-versiones/v2h/graficos/png/2_sahara/00145.png,_otras-versiones/v2h/graficos/png/0_irland/00145.png
_otras-versiones/v2h/graficos/png/2_sahara/00147.png,_otras-versiones/v2h/graficos/png/0_irland/00147.png
_otras-versiones/v2h/graficos/png/menus/00000.png,graficos/png/personae/00036.png
_otras-versiones/v2h/graficos/png/menus/00005.png,graficos/png/menus/00005.png
_otras-versiones/v2h/graficos/png/menus/00006.png,graficos/png/menus/00006.png
_otras-versiones/v2h/graficos/png/menus/00007.png,graficos/png/menus/00007.png
_otras-versiones/v2h/graficos/png/menus/00008.png,graficos/png/menus/00008.png
_otras-versiones/v2h/graficos/png/menus/00009.png,graficos/png/menus/00009.png
_otras-versiones/v2h/graficos/png/menus/00010.png,graficos/png/menus/00010.png
_otras-versiones/v2h/graficos/png/menus/00011.png,graficos/png/menus/00011.png
_otras-versiones/v2h/graficos/png/menus/00012.png,graficos/png/menus/00012.png
_otras-versiones/v2h/graficos/png/menus/00013.png,graficos/png/menus/00013.png
_otras-versiones/v2h/graficos/png/menus/00014.png,graficos/png/menus/00014.png
_otras-versiones/v2h/graficos/png/menus/00015.png,graficos/png/menus/00015.png
_otras-versiones/v2h/graficos/png/menus/00016.png,graficos/png/menus/00016.png
_otras-versiones/v2h/graficos/png/menus/00017.png,graficos/png/menus/00017.png
_otras-versiones/v2h/graficos/png/menus/00018.png,graficos/png/menus/00018.png
_otras-versiones/v2h/graficos/png/menus/00019.png,graficos/png/menus/00019.png
_otras-versiones/v2h/graficos/png/menus/00020.png,graficos/png/menus/00020.png
_otras-versiones/v2h/graficos/png/menus/00021.png,graficos/png/menus/00021.png
_otras-versiones/v2h/graficos/png/menus/00022.png,graficos/png/menus/00022.png
_otras-versiones/v2h/graficos/png/menus/00023.png,graficos/png/menus/00023.png
_otras-versiones/v2h/graficos/png/menus/00024.png,graficos/png/menus/00024.png
_otras-versiones/v2h/graficos/png/menus/00025.png,graficos/png/menus/00025.png
_otras-versiones/v2h/graficos/png/menus/00026.png,graficos/png/menus/00026.png
_otras-versiones/v2h/graficos/png/menus/00027.png,graficos/png/menus/00027.png
_otras-versiones/v2h/graficos/png/menus/00028.png,graficos/png/menus/00028.png
_otras-versiones/v2h/graficos/png/menus/00029.png,graficos/png/menus/00029.png
_otras-versiones/v2h/graficos/png/menus/00030.png,graficos/png/menus/00030.png
_otras-versiones/v2h/graficos/png/menus/00031.png,graficos/png/menus/00031.png
_otras-versiones/v2h/graficos/png/menus/00032.png,graficos/png/menus/00032.png
_otras-versiones/v2h/graficos/png/menus/00033.png,graficos/png/menus/00033.png
_otras-versiones/v2h/graficos/png/menus/00034.png,graficos/png/menus/00034.png
_otras-versiones/v2h/graficos/png/menus/00035.png,graficos/png/menus/00035.png
_otras-versiones/v2h/graficos/png/menus/00036.png,graficos/png/menus/00036.png
_otras-versiones/v2h/graficos/png/menus/00037.png,graficos/png/menus/00037.png
_otras-versiones/v2h/graficos/png/menus/00038.png,graficos/png/menus/00038.png
_otras-versiones/v2h/graficos/png/menus/00039.png,graficos/png/menus/00039.png
_otras-versiones/v2h/graficos/png/menus/00040.png,graficos/png/menus/00040.png
_otras-versiones/v2h/graficos/png/menus/00041.png,graficos/png/personae/00036.png
_otras-versiones/v2h/graficos/png/menus/00042.png,graficos/png/menus/00042.png
_otras-versiones/v2h/graficos/png/menus/00043.png,graficos/png/menus/00043.png
_otras-versiones/v2h/graficos/png/menus/00044.png,graficos/png/menus/00044.png
_otras-versiones/v2h/graficos/png/menus/00045.png,graficos/png/menus/00045.png
_otras-versiones/v2h/graficos/png/menus/00046.png,graficos/png/menus/00046.png
_otras-versiones/v2h/graficos/png/menus/00047.png,graficos/png/menus/00047.png
_otras-versiones/v2h/graficos/png/menus/00048.png,graficos/png/menus/00048.png
_otras-versiones/v2h/graficos/png/menus/00049.png,graficos/png/menus/00049.png
_otras-versiones/v2h/graficos/png/menus/00050.png,graficos/png/menus/00050.png
_otras-versiones/v2h/graficos/png/menus/00051.png,graficos/png/menus/00051.png
_otras-versiones/v2h/graficos/png/menus/00052.png,graficos/png/menus/00052.png
_otras-versiones/v2h/graficos/png/menus/00053.png,graficos/png/menus/00053.png
_otras-versiones/v2h/graficos/png/menus/00054.png,graficos/png/menus/00054.png
_otras-versiones/v2h/graficos/png/menus/00057.png,graficos/png/menus/00057.png
_otras-versiones/v2h/graficos/png/menus/00058.png,graficos/png/menus/00058.png
_otras-versiones/v2h/graficos/png/menus/00059.png,graficos/png/menus/00059.png
_otras-versiones/v2h/graficos/png/menus/00060.png,graficos/png/menus/00060.png
_otras-versiones/v2h/graficos/png/menus/00061.png,graficos/png/menus/00061.png
_otras-versiones/v2h/graficos/png/menus/00062.png,graficos/png/menus/00062.png
_otras-versiones/v2h/graficos/png/menus/00063.png,graficos/png/menus/00063.png
_otras-versiones/v2h/graficos/png/menus/00064.png,graficos/png/menus/00064.png
_otras-versiones/v2h/graficos/png/menus/00065.png,graficos/png/menus/00065.png
_otras-versiones/v2h/graficos/png/menus/00066.png,graficos/png/menus/00066.png
_otras-versiones/v2h/graficos/png/menus/00067.png,graficos/png/menus/00067.png
_otras-versiones/v2h/graficos/png/menus/00068.png,graficos/png/menus/00068.png
_otras-versiones/v2h/graficos/png/menus/00069.png,graficos/png/menus/00069.png
_otras-versiones/v2h/graficos/png/menus/00070.png,graficos/png/menus/00070.png
_otras-versiones/v2h/graficos/png/menus/00071.png,graficos/png/menus/00071.png
_otras-versiones/v2h/graficos/png/menus/00072.png,graficos/png/menus/00072.png
_otras-versiones/v2h/graficos/png/menus/00073.png,graficos/png/menus/00073.png
_otras-versiones/v2h/graficos/png/menus/00074.png,graficos/png/menus/00074.png
_otras-versiones/v2h/graficos/png/menus/00075.png,graficos/png/menus/00075.png
_otras-versiones/v2h/graficos/png/menus/00076.png,graficos/png/menus/00076.png
_otras-versiones/v2h/graficos/png/menus/00077.png,graficos/png/menus/00077.png
_otras-versiones/v2h/graficos/png/menus/00078.png,graficos/png/menus/00078.png
_otras-versiones/v2h/graficos/png/menus/00079.png,graficos/png/menus/00079.png
_otras-versiones/v2h/graficos/png/menus/00080.png,graficos/png/menus/00080.png
_otras-versiones/v2h/graficos/png/menus/00081.png,graficos/png/menus/00081.png
_otras-versiones/v2h/graficos/png/menus/00082.png,graficos/png/menus/00082.png
_otras-versiones/v2h/graficos/png/menus/00083.png,graficos/png/menus/00083.png
_otras-versiones/v2h/graficos/png/menus/00084.png,graficos/png/menus/00084.png
_otras-versiones/v2h/graficos/png/menus/00085.png,graficos/png/menus/00085.png
_otras-versiones/v2h/graficos/png/menus/00086.png,graficos/png/menus/00086.png
_otras-versiones/v2h/graficos/png/menus/00087.png,graficos/png/menus/00087.png
_otras-versiones/v2h/graficos/png/menus/00088.png,graficos/png/menus/00088.png
_otras-versiones/v2h/graficos/png/menus/00089.png,graficos/png/menus/00089.png
_otras-versiones/v2h/graficos/png/menus/00090.png,graficos/png/menus/00090.png
_otras-versiones/v2h/graficos/png/menus/00091.png,graficos/png/menus/00091.png
_otras-versiones/v2h/graficos/png/menus/00092.png,graficos/png/menus/00092.png
_otras-versiones/v2h/graficos/png/menus/00093.png,graficos/png/menus/00093.png
_otras-versiones/v2h/graficos/png/menus/00094.png,graficos/png/menus/00094.png
_otras-versiones/v2h/graficos/png/menus/00095.png,graficos/png/menus/00095.png
_otras-versiones/v2h/graficos/png/menus/00096.png,graficos/png/menus/00096.png
_otras-versiones/v2h/graficos/png/menus/00097.png,graficos/png/menus/00097.png
_otras-versiones/v2h/graficos/png/menus/00098.png,graficos/png/menus/00098.png
_otras-versiones/v2h/graficos/png/menus/00100.png,graficos/png/menus/00100.png
_otras-versiones/v2h/graficos/png/menus/00101.png,graficos/png/menus/00101.png
_otras-versiones/v2h/graficos/png/menus/00102.png,graficos/png/menus/00102.png
_otras-versiones/v2h/graficos/png/menus/00103.png,graficos/png/menus/00103.png
_otras-versiones/v2h/graficos/png/menus/00137.png,graficos/png/menus/00137.png
_otras-versiones/v2h/graficos/png/menus/00138.png,graficos/png/menus/00138.png
_otras-versiones/v2h/graficos/png/menus/00139.png,graficos/png/menus/00139.png
_otras-versiones/v2h/graficos/png/menus/00140.png,graficos/png/menus/00140.png
_otras-versiones/v2h/graficos/png/menus/00141.png,graficos/png/menus/00141.png
_otras-versiones/v2h/graficos/png/menus/00142.png,graficos/png/menus/00142.png
_otras-versiones/v2h/graficos/png/menus/00143.png,graficos/png/menus/00143.png
_otras-versiones/v2h/graficos/png/menus/00144.png,graficos/png/menus/00144.png
_otras-versiones/v2h/graficos/png/menus/00145.png,graficos/png/menus/00145.png
_otras-versiones/v2h/graficos/png/menus/00146.png,graficos/png/menus/00146.png
_otras-versiones/v2h/graficos/png/menus/00147.png,graficos/png/menus/00147.png
_otras-versiones/v2h/graficos/png/menus/00148.png,graficos/png/menus/00148.png
_otras-versiones/v2h/graficos/png/menus/00149.png,graficos/png/menus/00149.png
_otras-versiones/v2h/graficos/png/menus/00150.png,graficos/png/menus/00150.png
_otras-versiones/v2h/graficos/png/menus/00151.png,graficos/png/menus/00151.png
_otras-versiones/v2h/graficos/png/menus/00152.png,graficos/png/menus/00152.png
_otras-versiones/v2h/graficos/png/menus/00153.png,graficos/png/menus/00153.png
_otras-versiones/v2h/graficos/png/menus/00154.png,graficos/png/menus/00154.png
_otras-versiones/v2h/graficos/png/menus/00155.png,graficos/png/menus/00155.png
_otras-versiones/v2h/graficos/png/menus/00156.png,graficos/png/menus/00156.png
_otras-versiones/v2h/graficos/png/menus/00157.png,graficos/png/menus/00157.png
_otras-versiones/v2h/graficos/png/menus/00158.png,graficos/png/menus/00158.png
_otras-versiones/v2h/graficos/png/menus/00159.png,graficos/png/menus/00159.png
_otras-versiones/v2h/graficos/png/menus/00160.png,graficos/png/menus/00160.png
_otras-versiones/v2h/graficos/png/menus/00161.png,graficos/png/menus/00161.png
_otras-versiones/v2h/graficos/png/menus/00162.png,graficos/png/menus/00162.png
_otras-versiones/v2h/graficos/png/menus/00163.png,graficos/png/menus/00163.png
_otras-versiones/v2h/graficos/png/menus/00164.png,graficos/png/menus/00164.png
_otras-versiones/v2h/graficos/png/menus/00165.png,graficos/png/menus/00165.png
_otras-versiones/v2h/graficos/png/menus/00166.png,graficos/png/menus/00166.png
_otras-versiones/v2h/graficos/png/menus/00167.png,graficos/png/menus/00167.png
_otras-versiones/v2h/graficos/png/menus/00168.png,graficos/png/menus/00168.png
_otras-versiones/v2h/graficos/png/menus/00169.png,graficos/png/menus/00169.png
_otras-versiones/v2h/graficos/png/menus/00170.png,graficos/png/menus/00170.png
_otras-versiones/v2h/graficos/png/menus/00171.png,graficos/png/menus/00171.png
_otras-versiones/v2h/graficos/png/menus/00172.png,graficos/png/menus/00172.png
_otras-versiones/v2h/graficos/png/menus/00173.png,graficos/png/menus/00173.png
_otras-versiones/v2h/graficos/png/menus/00174.png,graficos/png/menus/00174.png
_otras-versiones/v2h/graficos/png/menus/00175.png,graficos/png/menus/00175.png
_otras-versiones/v2h/graficos/png/menus/00176.png,graficos/png/menus/00176.png
_otras-versiones/v2h/graficos/png/menus/00177.png,graficos/png/menus/00177.png
_otras-versiones/v2h/graficos/png/menus/00178.png,graficos/png/menus/00178.png
_otras-versiones/v2h/graficos/png/menus/00179.png,graficos/png/menus/00179.png
_otras-versiones/v2h/graficos/png/menus/00180.png,graficos/png/menus/00180.png
_otras-versiones/v2h/graficos/png/menus/00181.png,graficos/png/menus/00181.png
_otras-versiones/v2h/graficos/png/menus/00182.png,graficos/png/menus/00182.png
_otras-versiones/v2h/graficos/png/menus/00183.png,graficos/png/menus/00183.png
_otras-versiones/v2h/graficos/png/menus/00184.png,graficos/png/menus/00184.png
_otras-versiones/v2h/graficos/png/menus/00185.png,graficos/png/menus/00185.png
_otras-versiones/v2h/graficos/png/menus/00186.png,graficos/png/menus/00186.png
_otras-versiones/v2h/graficos/png/menus/00187.png,graficos/png/menus/00187.png
_otras-versiones/v2h/graficos/png/menus/00188.png,graficos/png/menus/00188.png
_otras-versiones/v2h/graficos/png/menus/00189.png,graficos/png/menus/00189.png
_otras-versiones/v2h/graficos/png/menus/00190.png,graficos/png/menus/00190.png
_otras-versiones/v2h/graficos/png/menus/00191.png,graficos/png/menus/00191.png
_otras-versiones/v2h/graficos/png/menus/00202.png,graficos/png/menus/00202.png
_otras-versiones/v2h/graficos/png/menus/00204.png,graficos/png/menus/00204.png
_otras-versiones/v2h/graficos/png/menus/00205.png,graficos/png/menus/00205.png
_otras-versiones/v2h/graficos/png/menus/00206.png,graficos/png/menus/00206.png
_otras-versiones/v2h/graficos/png/menus/00207.png,graficos/png/menus/00207.png
_otras-versiones/v2h/graficos/png/menus/00208.png,graficos/png/menus/00208.png
_otras-versiones/v2h/graficos/png/menus/00209.png,graficos/png/menus/00209.png
_otras-versiones/v2h/graficos/png/menus/00210.png,graficos/png/menus/00210.png
_otras-versiones/v2h/graficos/png/menus/00211.png,graficos/png/personae/00036.png
_otras-versiones/v2h/graficos/png/menus/00212.png,graficos/png/personae/00036.png
_otras-versiones/v2h/graficos/png/menus/00213.png,graficos/png/personae/00036.png
_otras-versiones/v2h/graficos/png/menus/00214.png,graficos/png/menus/00214.png
_otras-versiones/v2h/graficos/png/menus/00215.png,graficos/png/menus/00215.png
_otras-versiones/v2h/graficos/png/menus/00217.png,graficos/png/menus/00217.png
_otras-versiones/v2h/graficos/png/menus/00218.png,graficos/png/menus/00218.png
_otras-versiones/v2h/graficos/png/menus/00219.png,graficos/png/personae/00036.png
_otras-versiones/v2h/graficos/png/menus/00220.png,graficos/png/personae/00036.png
_otras-versiones/v2h/graficos/png/menus/00221.png,graficos/png/personae/00036.png
_otras-versiones/v2h/graficos/png/menus/00222.png,graficos/png/personae/00036.png
_otras-versiones/v2h/graficos/png/menus/00223.png,graficos/png/personae/00036.png
_otras-versiones/v2h/graficos/png/menus/00224.png,graficos/png/personae/00036.png
_otras-versiones/v2h/graficos/png/menus/00225.png,graficos/png/personae/00036.png
_otras-versiones/v2h/graficos/png/menus/00226.png,graficos/png/personae/00036.png
_otras-versiones/v2h/graficos/png/menus/00227.png,graficos/png/personae/00036.png
_otras-versiones/v2h/graficos/png/menus/00228.png,graficos/png/menus/00228.png
_otras-versiones/v2h/graficos/png/menus/00273.png,graficos/png/menus/00273.png
_otras-versiones/v2h/graficos/png/menus/00274.png,graficos/png/menus/00274.png
_otras-versiones/v2h/graficos/png/menus/00275.png,graficos/png/menus/00275.png
_otras-versiones/v2h/graficos/png/menus/00276.png,graficos/png/menus/00276.png
_otras-versiones/v2h/graficos/png/menus/00277.png,graficos/png/menus/00277.png
_otras-versiones/v2h/graficos/png/menus/00278.png,graficos/png/menus/00278.png
_otras-versiones/v2h/graficos/png/menus/00279.png,graficos/png/menus/00279.png
_otras-versiones/v2h/graficos/png/mouse/00000.png,graficos/png/personae/00036.png
_otras-versiones/v2h/graficos/png/mouse/00001.png,graficos/png/mouse/00001.png
_otras-versiones/v2h/graficos/png/mouse/00002.png,graficos/png/mouse/00002.png
_otras-versiones/v2h/graficos/png/mouse/00003.png,graficos/png/mouse/00003.png
_otras-versiones/v2h/graficos/png/mouse/00004.png,graficos/png/mouse/00004.png
_otras-versiones/v2h/graficos/png/mouse/00005.png,graficos/png/mouse/00005.png
_otras-versiones/v2h/graficos/png/mouse/00006.png,graficos/png/mouse/00006.png
_otras-versiones/v2h/graficos/png/mouse/00007.png,graficos/png/mouse/00007.png
_otras-versiones/v2h/graficos/png/mouse/00008.png,graficos/png/mouse/00008.png
_otras-versiones/v2h/graficos/png/mouse/00009.png,graficos/png/mouse/00009.png
_otras-versiones/v2h/graficos/png/mouse/00010.png,graficos/png/mouse/00010.png
_otras-versiones/v2h/graficos/png/mouse/00011.png,graficos/png/mouse/00011.png
_otras-versiones/v2h/graficos/png/mouse/00023.png,graficos/png/mouse/00023.png
_otras-versiones/v2h/graficos/png/mouse/00024.png,graficos/png/mouse/00024.png
_otras-versiones/v2h/graficos/png/mouse/00025.png,graficos/png/mouse/00025.png
_otras-versiones/v2h/graficos/png/mouse/00026.png,graficos/png/mouse/00026.png
_otras-versiones/v2h/graficos/png/mouse/00027.png,graficos/png/mouse/00003.png
_otras-versiones/v2h/graficos/png/mouse/00028.png,graficos/png/mouse/00028.png
_otras-versiones/v2h/graficos/png/mouse/00029.png,graficos/png/mouse/00029.png
_otras-versiones/v2h/graficos/png/mouse/00030.png,graficos/png/mouse/00030.png
_otras-versiones/v2h/graficos/png/mouse/00031.png,graficos/png/mouse/00031.png
_otras-versiones/v2h/graficos/png/mouse/00032.png,graficos/png/mouse/00032.png
_otras-versiones/v2h/graficos/png/mouse/00033.png,graficos/png/mouse/00031.png
_otras-versiones/v2h/graficos/png/mouse/00034.png,graficos/png/mouse/00030.png
_otras-versiones/v2h/graficos/png/mouse/00035.png,graficos/png/mouse/00029.png
_otras-versiones/v2h/graficos/png/mouse/00036.png,graficos/png/mouse/00028.png
_otras-versiones/v2h/graficos/png/mouse/00044.png,_otras-versiones/v2h/graficos/png/mouse/00042.png
_otras-versiones/v2h/graficos/png/mouse/00045.png,_otras-versiones/v2h/graficos/png/mouse/00041.png
_otras-versiones/v2h/graficos/png/mouse/00046.png,_otras-versiones/v2h/graficos/png/mouse/00040.png
_otras-versiones/v2h/graficos/png/mouse/00047.png,_otras-versiones/v2h/graficos/png/mouse/00039.png
_otras-versiones/v2h/graficos/png/mouse/00048.png,_otras-versiones/v2h/graficos/png/mouse/00038.png
_otras-versiones/v2h/graficos/png/mouse/00052.png,_otras-versiones/v2h/graficos/png/mouse/00019.png
_otras-versiones/v2h/graficos/png/mouse/00057.png,_otras-versiones/v2h/graficos/png/mouse/00055.png
_otras-versiones/v2h/graficos/png/mouse/00058.png,_otras-versiones/v2h/graficos/png/mouse/00054.png
_otras-versiones/v2h/graficos/png/mouse/00059.png,_otras-versiones/v2h/graficos/png/mouse/00053.png
_otras-versiones/v2h/graficos/png/mouse/00060.png,_otras-versiones/v2h/graficos/png/mouse/00019.png
_otras-versiones/v2h/graficos/png/mouse/00061.png,_otras-versiones/v2h/graficos/png/mouse/00051.png
_otras-versiones/v2h/graficos/png/mouse/00062.png,_otras-versiones/v2h/graficos/png/mouse/00050.png
_otras-versiones/v2h/graficos/png/mouse/00064.png,_otras-versiones/v2h/graficos/png/mouse/00021.png
_otras-versiones/v2h/graficos/png/mouse/00072.png,_otras-versiones/v2h/graficos/png/mouse/00070.png
_otras-versiones/v2h/graficos/png/mouse/00073.png,_otras-versiones/v2h/graficos/png/mouse/00069.png
_otras-versiones/v2h/graficos/png/mouse/00074.png,_otras-versiones/v2h/graficos/png/mouse/00068.png
_otras-versiones/v2h/graficos/png/mouse/00075.png,_otras-versiones/v2h/graficos/png/mouse/00067.png
_otras-versiones/v2h/graficos/png/mouse/00076.png,_otras-versiones/v2h/graficos/png/mouse/00066.png
_otras-versiones/v2h/graficos/png/mouse/00077.png,_otras-versiones/v2h/graficos/png/mouse/00065.png
_otras-versiones/v2h/graficos/png/mouse/00078.png,_otras-versiones/v2h/graficos/png/mouse/00021.png
_otras-versiones/v2h/graficos/png/mouse/00081.png,_otras-versiones/v2h/graficos/png/mouse/00022.png
_otras-versiones/v2h/graficos/png/mouse/00088.png,_otras-versiones/v2h/graficos/png/mouse/00086.png
_otras-versiones/v2h/graficos/png/mouse/00089.png,_otras-versiones/v2h/graficos/png/mouse/00085.png
_otras-versiones/v2h/graficos/png/mouse/00090.png,_otras-versiones/v2h/graficos/png/mouse/00084.png
_otras-versiones/v2h/graficos/png/mouse/00091.png,_otras-versiones/v2h/graficos/png/mouse/00083.png
_otras-versiones/v2h/graficos/png/mouse/00092.png,_otras-versiones/v2h/graficos/png/mouse/00082.png
_otras-versiones/v2h/graficos/png/mouse/00093.png,_otras-versiones/v2h/graficos/png/mouse/00022.png
_otras-versiones/v2h/graficos/png/mouse/00094.png,_otras-versiones/v2h/graficos/png/mouse/00080.png
_otras-versiones/v2h/graficos/png/mouse/00095.png,graficos/png/mouse/00095.png
_otras-versiones/v2h/graficos/png/mouse/00096.png,graficos/png/mouse/00096.png
_otras-versiones/v2h/graficos/png/mouse/00097.png,graficos/png/mouse/00097.png
_otras-versiones/v2h/graficos/png/mouse/00098.png,graficos/png/mouse/00098.png
_otras-versiones/v2h/graficos/png/mouse/00099.png,graficos/png/mouse/00099.png
_otras-versiones/v2h/graficos/png/mouse/00100.png,graficos/png/mouse/00100.png
_otras-versiones/v2h/graficos/png/mouse/00101.png,graficos/png/mouse/00101.png
_otras-versiones/v2h/graficos/png/mouse/00102.png,graficos/png/mouse/00102.png
_otras-versiones/v2h/graficos/png/mouse/00103.png,graficos/png/mouse/00103.png
_otras-versiones/v2h/graficos/png/mouse/00104.png,graficos/png/mouse/00104.png
_otras-versiones/v2h/graficos/png/mouse/00105.png,graficos/png/mouse/00105.png
_otras-versiones/v2h/graficos/png/mouse/00106.png,graficos/png/mouse/00106.png
_otras-versiones/v2h/graficos/png/mouse/00107.png,graficos/png/mouse/00107.png
_otras-versiones/v2h/graficos/png/mouse/00108.png,graficos/png/mouse/00108.png
_otras-versiones/v2h/graficos/png/mouse/00109.png,graficos/png/mouse/00109.png
_otras-versiones/v2h/graficos/png/mouse/00110.png,graficos/png/mouse/00110.png
_otras-versiones/v2h/graficos/png/mouse/00111.png,graficos/png/mouse/00111.png
_otras-versiones/v2h/graficos/png/mouse/00112.png,graficos/png/mouse/00112.png
_otras-versiones/v2h/graficos/png/mouse/00113.png,graficos/png/mouse/00113.png
_otras-versiones/v2h/graficos/png/mouse/00114.png,graficos/png/mouse/00114.png
_otras-versiones/v2h/graficos/png/mouse/00115.png,graficos/png/mouse/00115.png
_otras-versiones/v2h/graficos/png/mouse/00116.png,graficos/png/mouse/00116.png
_otras-versiones/v2h/graficos/png/mouse/00117.png,graficos/png/mouse/00117.png
_otras-versiones/v2h/graficos/png/mouse/00118.png,graficos/png/mouse/00118.png
_otras-versiones/v2h/graficos/png/mouse/00119.png,graficos/png/mouse/00119.png
_otras-versiones/v2h/graficos/png/mouse/00120.png,graficos/png/mouse/00120.png
_otras-versiones/v2h/graficos/png/mouse/00121.png,graficos/png/mouse/00121.png
_otras-versiones/v2h/graficos/png/mouse/00122.png,graficos/png/mouse/00122.png
_otras-versiones/v2h/graficos/png/mouse/00123.png,graficos/png/mouse/00123.png
_otras-versiones/v2h/graficos/png/mouse/00124.png,graficos/png/mouse/00124.png
_otras-versiones/v2h/graficos/png/mouse/00125.png,graficos/png/mouse/00123.png
_otras-versiones/v2h/graficos/png/mouse/00126.png,graficos/png/mouse/00122.png
_otras-versiones/v2h/graficos/png/mouse/00127.png,graficos/png/mouse/00121.png
_otras-versiones/v2h/graficos/png/mouse/00128.png,graficos/png/mouse/00120.png
_otras-versiones/v2h/graficos/png/mouse/00129.png,graficos/png/mouse/00129.png
_otras-versiones/v2h/graficos/png/mouse/00130.png,graficos/png/mouse/00130.png
_otras-versiones/v2h/graficos/png/mouse/00131.png,graficos/png/mouse/00131.png
_otras-versiones/v2h/graficos/png/mouse/00132.png,graficos/png/mouse/00132.png
_otras-versiones/v2h/graficos/png/mouse/00133.png,graficos/png/mouse/00133.png
_otras-versiones/v2h/graficos/png/mouse/00134.png,graficos/png/mouse/00134.png
_otras-versiones/v2h/graficos/png/mouse/00135.png,graficos/png/mouse/00133.png
_otras-versiones/v2h/graficos/png/mouse/00136.png,graficos/png/mouse/00132.png
_otras-versiones/v2h/graficos/png/mouse/00137.png,graficos/png/mouse/00131.png
_otras-versiones/v2h/graficos/png/mouse/00138.png,graficos/png/mouse/00130.png
_otras-versiones/v2h/graficos/png/mouse/00139.png,graficos/png/mouse/00139.png
_otras-versiones/v2h/graficos/png/mouse/00140.png,graficos/png/mouse/00140.png
_otras-versiones/v2h/graficos/png/mouse/00141.png,graficos/png/mouse/00141.png
_otras-versiones/v2h/graficos/png/mouse/00142.png,graficos/png/mouse/00142.png
_otras-versiones/v2h/graficos/png/mouse/00143.png,graficos/png/mouse/00143.png
_otras-versiones/v2h/graficos/png/mouse/00144.png,graficos/png/mouse/00144.png
_otras-versiones/v2h/graficos/png/mouse/00145.png,graficos/png/mouse/00143.png
_otras-versiones/v2h/graficos/png/mouse/00146.png,graficos/png/mouse/00142.png
_otras-versiones/v2h/graficos/png/mouse/00147.png,graficos/png/mouse/00141.png
_otras-versiones/v2h/graficos/png/mouse/00148.png,graficos/png/mouse/00140.png
_otras-versiones/v2h/graficos/png/mouse/00149.png,graficos/png/mouse/00149.png
_otras-versiones/v2h/graficos/png/mouse/00150.png,graficos/png/mouse/00150.png
_otras-versiones/v2h/graficos/png/mouse/00151.png,graficos/png/mouse/00151.png
_otras-versiones/v2h/graficos/png/mouse/00152.png,graficos/png/mouse/00152.png
_otras-versiones/v2h/graficos/png/mouse/00153.png,graficos/png/mouse/00153.png
_otras-versiones/v2h/graficos/png/mouse/00154.png,graficos/png/mouse/00154.png
_otras-versiones/v2h/graficos/png/mouse/00155.png,graficos/png/mouse/00153.png
_otras-versiones/v2h/graficos/png/mouse/00156.png,graficos/png/mouse/00152.png
_otras-versiones/v2h/graficos/png/mouse/00157.png,graficos/png/mouse/00151.png
_otras-versiones/v2h/graficos/png/mouse/00158.png,graficos/png/mouse/00150.png
_otras-versiones/v2h/graficos/png/mouse/00160.png,_otras-versiones/v2h/graficos/png/mouse/00015.png
_otras-versiones/v2h/graficos/png/mouse/00174.png,_otras-versiones/v2h/graficos/png/mouse/00017.png
_otras-versiones/v2h/graficos/png/mouse/00191.png,_otras-versiones/v2h/graficos/png/mouse/00018.png
_otras-versiones/v2h/graficos/png/mouse/00200.png,_otras-versiones/v2h/graficos/png/mouse/00013.png
_otras-versiones/v2h/graficos/png/mouse/00205.png,_otras-versiones/v2h/graficos/png/mouse/00014.png
_otras-versiones/v2h/graficos/png/mouse/00210.png,graficos/png/mouse/00210.png
_otras-versiones/v2h/graficos/png/mouse/00211.png,graficos/png/mouse/00211.png
_otras-versiones/v2h/graficos/png/mouse/00212.png,graficos/png/mouse/00212.png
_otras-versiones/v2h/graficos/png/mouse/00213.png,graficos/png/mouse/00213.png
_otras-versiones/v2h/graficos/png/mouse/00214.png,graficos/png/mouse/00214.png
_otras-versiones/v2h/graficos/png/mouse/00215.png,graficos/png/mouse/00215.png
_otras-versiones/v2h/graficos/png/mouse/00216.png,graficos/png/mouse/00214.png
_otras-versiones/v2h/graficos/png/mouse/00217.png,graficos/png/mouse/00213.png
_otras-versiones/v2h/graficos/png/mouse/00218.png,graficos/png/mouse/00212.png
_otras-versiones/v2h/graficos/png/mouse/00219.png,graficos/png/mouse/00211.png
_otras-versiones/v2h/graficos/png/mouse/00220.png,graficos/png/mouse/00220.png
_otras-versiones/v2h/graficos/png/mouse/00221.png,graficos/png/mouse/00221.png
_otras-versiones/v2h/graficos/png/mouse/00222.png,graficos/png/mouse/00222.png
_otras-versiones/v2h/graficos/png/mouse/00223.png,graficos/png/mouse/00223.png
_otras-versiones/v2h/graficos/png/mouse/00224.png,graficos/png/mouse/00224.png
_otras-versiones/v2h/graficos/png/mouse/00225.png,graficos/png/mouse/00225.png
_otras-versiones/v2h/graficos/png/mouse/00226.png,graficos/png/mouse/00224.png
_otras-versiones/v2h/graficos/png/mouse/00227.png,graficos/png/mouse/00223.png
_otras-versiones/v2h/graficos/png/mouse/00228.png,graficos/png/mouse/00222.png
_otras-versiones/v2h/graficos/png/mouse/00229.png,graficos/png/mouse/00221.png
_otras-versiones/v2h/graficos/png/mouse/00230.png,graficos/png/mouse/00230.png
_otras-versiones/v2h/graficos/png/mouse/00231.png,graficos/png/mouse/00231.png
_otras-versiones/v2h/graficos/png/mouse/00232.png,graficos/png/mouse/00232.png
_otras-versiones/v2h/graficos/png/mouse/00233.png,graficos/png/mouse/00233.png
_otras-versiones/v2h/graficos/png/mouse/00234.png,graficos/png/mouse/00234.png
_otras-versiones/v2h/graficos/png/mouse/00235.png,graficos/png/mouse/00235.png
_otras-versiones/v2h/graficos/png/mouse/00236.png,graficos/png/mouse/00234.png
_otras-versiones/v2h/graficos/png/mouse/00237.png,graficos/png/mouse/00233.png
_otras-versiones/v2h/graficos/png/mouse/00238.png,graficos/png/mouse/00232.png
_otras-versiones/v2h/graficos/png/mouse/00239.png,graficos/png/mouse/00231.png
_otras-versiones/v2h/graficos/png/mouse/00240.png,graficos/png/mouse/00240.png
_otras-versiones/v2h/graficos/png/mouse/00241.png,graficos/png/mouse/00241.png
_otras-versiones/v2h/graficos/png/mouse/00242.png,graficos/png/mouse/00242.png
_otras-versiones/v2h/graficos/png/mouse/00243.png,graficos/png/mouse/00243.png
_otras-versiones/v2h/graficos/png/mouse/00244.png,graficos/png/mouse/00244.png
_otras-versiones/v2h/graficos/png/mouse/00245.png,graficos/png/mouse/00245.png
_otras-versiones/v2h/graficos/png/mouse/00246.png,graficos/png/mouse/00244.png
_otras-versiones/v2h/graficos/png/mouse/00247.png,graficos/png/mouse/00243.png
_otras-versiones/v2h/graficos/png/mouse/00248.png,graficos/png/mouse/00242.png
_otras-versiones/v2h/graficos/png/mouse/00249.png,graficos/png/mouse/00241.png
_otras-versiones/v2h/graficos/png/mouse/00252.png,graficos/png/mouse/00252.png
_otras-versiones/v2h/graficos/png/mouse/00253.png,graficos/png/mouse/00253.png
_otras-versiones/v2h/graficos/png/mouse/00254.png,graficos/png/mouse/00254.png
_otras-versiones/v2h/graficos/png/mouse/00255.png,graficos/png/mouse/00255.png
_otras-versiones/v2h/graficos/png/mouse/00256.png,graficos/png/mouse/00256.png
_otras-versiones/v2h/graficos/png/mouse/00257.png,graficos/png/mouse/00257.png
_otras-versiones/v2h/graficos/png/mouse/00258.png,graficos/png/mouse/00258.png
_otras-versiones/v2h/graficos/png/mouse/00259.png,graficos/png/mouse/00259.png
_otras-versiones/v2h/graficos/png/mouse/00260.png,graficos/png/mouse/00260.png
_otras-versiones/v2h/graficos/png/mouse/00261.png,graficos/png/mouse/00261.png
_otras-versiones/v2h/graficos/png/mouse/00262.png,graficos/png/mouse/00262.png
_otras-versiones/v2h/graficos/png/mouse/00263.png,graficos/png/mouse/00263.png
_otras-versiones/v2h/graficos/png/mouse/00264.png,graficos/png/mouse/00264.png
_otras-versiones/v2h/graficos/png/mouse/00265.png,graficos/png/mouse/00263.png
_otras-versiones/v2h/graficos/png/mouse/00266.png,graficos/png/mouse/00262.png
_otras-versiones/v2h/graficos/png/mouse/00267.png,graficos/png/mouse/00261.png
_otras-versiones/v2h/graficos/png/mouse/00268.png,graficos/png/mouse/00260.png
_otras-versiones/v2h/graficos/png/mouse/00269.png,graficos/png/mouse/00259.png
_otras-versiones/v2h/graficos/png/mouse/00270.png,graficos/png/mouse/00258.png
_otras-versiones/v2h/graficos/png/mouse/00271.png,graficos/png/mouse/00271.png
_otras-versiones/v2h/graficos/png/mouse/00272.png,graficos/png/mouse/00272.png
_otras-versiones/v2h/graficos/png/mouse/00273.png,graficos/png/mouse/00273.png
_otras-versiones/v2h/graficos/png/mouse/00274.png,graficos/png/mouse/00274.png
_otras-versiones/v2h/graficos/png/mouse/00275.png,graficos/png/mouse/00275.png
_otras-versiones/v2h/graficos/png/mouse/00276.png,graficos/png/mouse/00276.png
_otras-versiones/v2h/graficos/png/mouse/00277.png,graficos/png/mouse/00277.png
_otras-versiones/v2h/graficos/png/mouse/00278.png,graficos/png/mouse/00276.png
_otras-versiones/v2h/graficos/png/mouse/00279.png,graficos/png/mouse/00275.png
_otras-versiones/v2h/graficos/png/mouse/00280.png,graficos/png/mouse/00274.png
_otras-versiones/v2h/graficos/png/mouse/00281.png,graficos/png/mouse/00273.png
_otras-versiones/v2h/graficos/png/mouse/00282.png,graficos/png/mouse/00272.png
_otras-versiones/v2h/graficos/png/mouse/00283.png,graficos/png/mouse/00283.png
_otras-versiones/v2h/graficos/png/mouse/00284.png,graficos/png/mouse/00284.png
_otras-versiones/v2h/graficos/png/mouse/00285.png,graficos/png/mouse/00285.png
_otras-versiones/v2h/graficos/png/mouse/00286.png,graficos/png/mouse/00286.png
_otras-versiones/v2h/graficos/png/mouse/00287.png,graficos/png/mouse/00287.png
_otras-versiones/v2h/graficos/png/mouse/00288.png,graficos/png/mouse/00288.png
_otras-versiones/v2h/graficos/png/mouse/00289.png,graficos/png/mouse/00289.png
_otras-versiones/v2h/graficos/png/mouse/00290.png,graficos/png/mouse/00290.png
_otras-versiones/v2h/graficos/png/mouse/00291.png,graficos/png/mouse/00289.png
_otras-versiones/v2h/graficos/png/mouse/00292.png,graficos/png/mouse/00288.png
_otras-versiones/v2h/graficos/png/mouse/00293.png,graficos/png/mouse/00287.png
_otras-versiones/v2h/graficos/png/mouse/00294.png,graficos/png/mouse/00286.png
_otras-versiones/v2h/graficos/png/mouse/00295.png,graficos/png/mouse/00285.png
_otras-versiones/v2h/graficos/png/mouse/00296.png,graficos/png/mouse/00284.png
_otras-versiones/v2h/graficos/png/mouse/00297.png,graficos/png/mouse/00297.png
_otras-versiones/v2h/graficos/png/mouse/00298.png,graficos/png/mouse/00298.png
_otras-versiones/v2h/graficos/png/mouse/00299.png,graficos/png/mouse/00299.png
_otras-versiones/v2h/graficos/png/mouse/00300.png,graficos/png/mouse/00300.png
_otras-versiones/v2h/graficos/png/mouse/00301.png,graficos/png/mouse/00301.png
_otras-versiones/v2h/graficos/png/mouse/00302.png,graficos/png/mouse/00302.png
_otras-versiones/v2h/graficos/png/mouse/00303.png,graficos/png/mouse/00303.png
_otras-versiones/v2h/graficos/png/mouse/00304.png,graficos/png/mouse/00302.png
_otras-versiones/v2h/graficos/png/mouse/00305.png,graficos/png/mouse/00301.png
_otras-versiones/v2h/graficos/png/mouse/00306.png,graficos/png/mouse/00300.png
_otras-versiones/v2h/graficos/png/mouse/00307.png,graficos/png/mouse/00299.png
_otras-versiones/v2h/graficos/png/mouse/00308.png,graficos/png/mouse/00298.png
_otras-versiones/v2h/graficos/png/mouse/00309.png,graficos/png/mouse/00309.png
_otras-versiones/v2h/graficos/png/mouse/00310.png,graficos/png/mouse/00310.png
_otras-versiones/v2h/graficos/png/mouse/00311.png,graficos/png/mouse/00311.png
_otras-versiones/v2h/graficos/png/mouse/00312.png,graficos/png/mouse/00312.png
_otras-versiones/v2h/graficos/png/mouse/00313.png,graficos/png/mouse/00313.png
_otras-versiones/v2h/graficos/png/mouse/00314.png,graficos/png/mouse/00312.png
_otras-versiones/v2h/graficos/png/mouse/00315.png,graficos/png/mouse/00311.png
_otras-versiones/v2h/graficos/png/mouse/00316.png,graficos/png/mouse/00310.png
_otras-versiones/v2h/graficos/png/mouse/00317.png,graficos/png/mouse/00309.png
_otras-versiones/v2h/graficos/png/mouse/00318.png,graficos/png/mouse/00318.png
_otras-versiones/v2h/graficos/png/mouse/00319.png,graficos/png/mouse/00319.png
_otras-versiones/v2h/graficos/png/mouse/00320.png,graficos/png/mouse/00320.png
_otras-versiones/v2h/graficos/png/mouse/00321.png,graficos/png/mouse/00321.png
_otras-versiones/v2h/graficos/png/mouse/00322.png,graficos/png/mouse/00320.png
_otras-versiones/v2h/graficos/png/mouse/00323.png,graficos/png/mouse/00319.png
_otras-versiones/v2h/graficos/png/mouse/00324.png,graficos/png/mouse/00318.png
_otras-versiones/v2h/graficos/png/mouse/00325.png,graficos/png/mouse/00325.png
_otras-versiones/v2h/graficos/png/mouse/00326.png,graficos/png/mouse/00326.png
_otras-versiones/v2h/graficos/png/mouse/00327.png,graficos/png/mouse/00327.png
_otras-versiones/v2h/graficos/png/mouse/00328.png,graficos/png/mouse/00328.png
_otras-versiones/v2h/graficos/png/mouse/00329.png,graficos/png/mouse/00329.png
_otras-versiones/v2h/graficos/png/mouse/00330.png,graficos/png/mouse/00328.png
_otras-versiones/v2h/graficos/png/mouse/00331.png,graficos/png/mouse/00327.png
_otras-versiones/v2h/graficos/png/mouse/00332.png,graficos/png/mouse/00326.png
_otras-versiones/v2h/graficos/png/mouse/00333.png,graficos/png/mouse/00325.png
_otras-versiones/v2h/graficos/png/mouse/00334.png,graficos/png/mouse/00334.png
_otras-versiones/v2h/graficos/png/mouse/00335.png,graficos/png/mouse/00335.png
_otras-versiones/v2h/graficos/png/mouse/00336.png,graficos/png/mouse/00336.png
_otras-versiones/v2h/graficos/png/mouse/00337.png,graficos/png/mouse/00337.png
_otras-versiones/v2h/graficos/png/mouse/00338.png,graficos/png/mouse/00336.png
_otras-versiones/v2h/graficos/png/mouse/00339.png,graficos/png/mouse/00335.png
_otras-versiones/v2h/graficos/png/mouse/00340.png,graficos/png/mouse/00334.png
_otras-versiones/v2h/graficos/png/mouse/00341.png,graficos/png/mouse/00341.png
_otras-versiones/v2h/graficos/png/mouse/00342.png,graficos/png/mouse/00341.png
_otras-versiones/v2h/graficos/png/mouse/00343.png,graficos/png/mouse/00341.png
_otras-versiones/v2h/graficos/png/mouse/00344.png,graficos/png/mouse/00341.png
_otras-versiones/v2h/graficos/png/mouse/00345.png,graficos/png/mouse/00341.png
_otras-versiones/v2h/graficos/png/mouse/00346.png,graficos/png/mouse/00341.png
_otras-versiones/v2h/graficos/png/mouse/00347.png,graficos/png/mouse/00341.png
_otras-versiones/v2h/graficos/png/mouse/00348.png,graficos/png/mouse/00341.png
_otras-versiones/v2h/graficos/png/mouse/00349.png,graficos/png/mouse/00349.png
_otras-versiones/v2h/graficos/png/mouse/00350.png,graficos/png/mouse/00349.png
_otras-versiones/v2h/graficos/png/mouse/00351.png,graficos/png/mouse/00349.png
_otras-versiones/v2h/graficos/png/mouse/00352.png,graficos/png/mouse/00349.png
_otras-versiones/v2h/graficos/png/mouse/00353.png,graficos/png/mouse/00349.png
_otras-versiones/v2h/graficos/png/mouse/00354.png,graficos/png/mouse/00349.png
_otras-versiones/v2h/graficos/png/mouse/00355.png,graficos/png/mouse/00349.png
_otras-versiones/v2h/graficos/png/mouse/00356.png,graficos/png/mouse/00349.png
_otras-versiones/v2h/graficos/png/mouse/00357.png,graficos/png/mouse/00357.png
_otras-versiones/v2h/graficos/png/mouse/00358.png,graficos/png/mouse/00357.png
_otras-versiones/v2h/graficos/png/mouse/00359.png,graficos/png/mouse/00357.png
_otras-versiones/v2h/graficos/png/mouse/00360.png,graficos/png/mouse/00357.png
_otras-versiones/v2h/graficos/png/mouse/00361.png,graficos/png/mouse/00357.png
_otras-versiones/v2h/graficos/png/mouse/00362.png,graficos/png/mouse/00357.png
_otras-versiones/v2h/graficos/png/mouse/00363.png,graficos/png/mouse/00357.png
_otras-versiones/v2h/graficos/png/mouse/00364.png,graficos/png/mouse/00357.png
_otras-versiones/v2h/graficos/png/mouse/00365.png,graficos/png/mouse/00365.png
_otras-versiones/v2h/graficos/png/mouse/00366.png,graficos/png/mouse/00365.png
_otras-versiones/v2h/graficos/png/mouse/00367.png,graficos/png/mouse/00365.png
_otras-versiones/v2h/graficos/png/mouse/00368.png,graficos/png/mouse/00365.png
_otras-versiones/v2h/graficos/png/mouse/00369.png,graficos/png/mouse/00365.png
_otras-versiones/v2h/graficos/png/mouse/00370.png,graficos/png/mouse/00365.png
_otras-versiones/v2h/graficos/png/mouse/00371.png,graficos/png/mouse/00365.png
_otras-versiones/v2h/graficos/png/mouse/00372.png,graficos/png/mouse/00365.png
